product name,price range,type,CFM/airflow,heat setting,noise,suitable for Havanese/Maltese,key strengths,key weaknesses,Source
HomeRunPet Ultra Quiet Dog Hair Dryer,Not in source,Quiet Dryer,264 mph max wind speed,Three settings (Hot/Warm/Room temp),Less than 50 dB,Yes,"Extremely quiet (library equivalent), 99 different air speeds",Not in source,[1]
XPower Airrow Pro B-53 Multipurpose Pet Dryer,$39.00 - $69.00 / £69.95,Multipurpose Handheld Pet Dryer,90 CFM,Variable: No heat (ambient) or safe warm air,73 dB,Yes,"Extremely lightweight (1kg / 2.3 lbs), multifunctional (dryer/duster/pump), affordable, and portable.","Noisy for sensitive hearing, lack of dedicated heating element for coat stretching, short cable.",[2-5]
SHELANDY Pet Grooming Dryer (Model #1904 / STL-1903 / #1902),$75.99 - $89.00,High Velocity Force Dryer,84.7 CFM,Two settings (Warm 85-130°F and Cool/Ambient),70 dB - 80 dB,Yes,"Best value, adjustable airflow speed, includes heater for straightening, noise reduction technology.","Short hose, plastic construction, can get very hot quickly if airflow is turned down while heat is on.","[4, 6-12]"
Chris Christensen Kool Dry Pup,Not in source,Force Dryer / Portable Professional,20-120 CFM,Blows cool air (No heating element),Quietest in the industry (Sound absorbing foam),Yes,"Compact 6""x6"" body, variable speed control, professional quality performance in portable size.","No heating element (requires natural motor warmth), expensive professional grade.",[13-16]
Shernbao Cyclone Dryer (SHD-1800),$176.87 NZD,Portable Handheld/Stand Dryer,140 CFM,On/Off Toggle,75 dB,Yes,"Lightweight (4.2kg), variable airflow, fits dryer stands.",Less powerful than full velocity blasters.,"[17, 18]"
Flying Pig Flying One,Under $200,High Velocity Dryer with Heater,Not in source,Two heat settings,Relatively quiet for a dryer,Yes,"Affordability, variable speed for small dogs, excellent customer service.",Motor brushes or hose clips may require maintenance/upgrades for longevity.,[19-21]
Flying Pig Grooming High Velocity Dog & Cat Grooming Dryer,$187.00,High Velocity Force Dryer,240 CFM,Two heat settings and no-heat setting,Not in source,Yes,"Powerful 4HP motor, steel shell durability, 10-foot hose.",Expensive compared to other options.,"[4, 9, 22]"
Shernbao Mini Variable Speed,$60 - £50,Force Air Dryer,Not in source,Variable heat,A bit loud,Yes,"Very affordable, compact for travel and house calls, effective for small dogs.",Noise level is higher relative to size; short lifespan reported by some.,"[19, 23]"
Neakasa F1 Fast Quiet Dog & Cat Grooming Dryer,$129.23,Fast Quiet Dryer,Not in source,Not in source,Excellent rating,Yes,"Quiet operation, high drying power, excellent durability.",Not in source,[4]
HomeRunPet Air Force Pet Dryer,$116.03,Velocity Dryer,Not in source,Not in source,Not in source,Yes,"High drying power rating, durable, suitable for all breeds.",Not in source,[4]
MetroVac Air Force Quick Draw Compact Dryer,$280.57 NZD,Ultra-compact Handheld Dryer,Not in source,No heater (engine-warmed air),Variable noise level,Yes,"Portable, steel construction, 10x power of human dryers.","Loud, high energy consumption.","[9, 17]"
Go Pet Club Dog Grooming Dryer,Not in source,High Velocity,25 m/s,Two temperature controls and no-heat option,Not in source,Yes,"Perfect for puppies, lightweight, easy to use.","Short hose, can get too hot if not careful.",[9]
Ownpets 2-in-1 Grooming Hair Dryer with Slicker Brush,$28.99,2-in-1 Handheld Brush/Dryer,Not in source,Not in source,3.3/5 rating,Yes,"Affordable, combines brushing and drying for small breeds.",Lower durability and ease of use scores.,[4]
iPettie Pet Hair Dryer,Not in source,Handheld Slicker Brush/Blower,Not in source,Two heat settings,Much quieter than human dryers,Yes,"Combined brush/blower, portable, affordable.",Gentle airflow not for large dogs.,[1]
